{"cameraMode":{"drawMode":0,"name":"Shaded","section":"Shading Mode"},"sceneLighting":false,"audioPlay":false,"sceneViewState":{"m_AlwaysRefresh":false,"showFog":false,"showSkybox":false,"showFlares":true,"showImageEffects":true,"showParticleSystems":true,"showVisualEffectGraphs":true,"m_FxEnabled":true},"in2DMode":false,"pivot":{"x":-0.20686626434326173,"y":-0.38953495025634768,"z":-0.4167673587799072},"rotation":{"x":0.2832891643047333,"y":0.5416516661643982,"z":-0.20032766461372376,"w":0.7657415866851807},"size":6.2644548416137699,"orthographic":false}