{"cameraMode":{"drawMode":0,"name":"Shaded","section":"Shading Mode"},"sceneLighting":false,"audioPlay":false,"sceneViewState":{"m_AlwaysRefresh":false,"showFog":true,"showSkybox":false,"showFlares":true,"showImageEffects":true,"showParticleSystems":true,"showVisualEffectGraphs":true,"m_FxEnabled":true},"in2DMode":false,"pivot":{"x":0.01906585693359375,"y":-0.05393917113542557,"z":0.010364353656768799},"rotation":{"x":-0.13498647511005402,"y":0.19933541119098664,"z":-0.02815689891576767,"w":-0.9703678488731384},"size":0.24352924525737763,"orthographic":false}