{"cameraMode":{"drawMode":0,"name":"Shaded","section":"Shading Mode"},"sceneLighting":true,"audioPlay":false,"sceneViewState":{"m_AlwaysRefresh":false,"showFog":true,"showSkybox":true,"showFlares":true,"showImageEffects":true,"showParticleSystems":true,"showVisualEffectGraphs":true,"m_FxEnabled":true},"in2DMode":false,"pivot":{"x":511.4599914550781,"y":145.42999267578126,"z":308.4800109863281},"rotation":{"x":-0.11127597093582154,"y":-0.35423803329467776,"z":0.04257616028189659,"w":-0.9277905821800232},"size":11.829352378845215,"orthographic":false}