{"cameraMode":{"drawMode":0,"name":"Shaded","section":"Shading Mode"},"sceneLighting":true,"audioPlay":false,"sceneViewState":{"m_AlwaysRefresh":false,"showFog":true,"showSkybox":true,"showFlares":true,"showImageEffects":true,"showParticleSystems":true,"showVisualEffectGraphs":true,"m_FxEnabled":true},"in2DMode":false,"pivot":{"x":501.1446533203125,"y":100.48918151855469,"z":525.5497436523438},"rotation":{"x":0.23773255944252015,"y":-0.04708131402730942,"z":0.011691417545080185,"w":0.9702008962631226},"size":3.671948194503784,"orthographic":false}