{"cameraMode":{"drawMode":0,"name":"Shaded","section":"Shading Mode"},"sceneLighting":false,"audioPlay":false,"sceneViewState":{"m_AlwaysRefresh":false,"showFog":true,"showSkybox":false,"showFlares":true,"showImageEffects":true,"showParticleSystems":true,"showVisualEffectGraphs":true,"m_FxEnabled":true},"in2DMode":false,"pivot":{"x":-0.03168310225009918,"y":0.0028822850435972215,"z":0.011402353644371033},"rotation":{"x":0.4338385760784149,"y":0.42315682768821719,"z":-0.24115480482578278,"w":0.7582108378410339},"size":0.15489670634269715,"orthographic":false}